                  epoch,         train/box_loss,         train/cls_loss,         train/dfl_loss,   metrics/precision(B),      metrics/recall(B),       metrics/mAP50(B),    metrics/mAP50-95(B),           val/box_loss,           val/cls_loss,           val/dfl_loss,                 lr/pg0,                 lr/pg1,                 lr/pg2
                      1,                 0.8895,                0.57303,                0.99724,                0.96326,                0.97491,                0.98377,                 0.8874,                0.44212,                    inf,                0.81422,             0.00055465,             0.00055465,             0.00055465
                      2,                0.47267,                0.33417,                0.82208,                0.96742,                0.97283,                0.98228,                0.91859,                0.38344,                    inf,                0.81125,              0.0010004,              0.0010004,              0.0010004
                      3,                 0.3968,                0.30888,                0.80492,                0.96565,                0.97208,                0.98591,                0.93887,                0.31906,                0.47281,                0.78018,              0.0013361,              0.0013361,              0.0013361
                      4,                0.33769,                0.27651,                 0.7904,                0.96631,                0.97164,                0.99033,                0.96187,                0.26554,                0.49883,                0.77666,              0.0011719,              0.0011719,              0.0011719
                      5,                0.29974,                0.24567,                0.78454,                0.96074,                0.93575,                0.99228,                0.96774,                0.24624,                0.28078,                0.77176,              0.0010069,              0.0010069,              0.0010069
